Affiliate Program,Sign Up Link,Category,Comission,Recurring
GetResponse,https://www.getresponse.com?ab=3H3rJeMwct,Email Marketing,33.00%,Yes
Clickbank,https://accounts.clickbank.com/master/create-account,Multiple affiliates,Variable,Yes
Digistore24,https://www.digistore24.com/en/signup,Multiple affiliates,Variable,Yes
Awin,https://ui.awin.com/publisher-signup,Multiple affiliates,Variable,Yes
Active Campaign,https://www.activecampaign.com/partner/affiliate,Email/Marketing Automation,10.00%,Yes
Lead pages,https://lp.leadpages.com/affiliates/,SEO,30.00%,Yes
Udimi,https://udimi.com/signup,Solo ads (awesome offer),15.00%,Yes
Printify,https://printify.com/affiliate/,Print on Demand,5% (per item sold!),Yes
Template Monster,https://affiliates.templatemonster.com/affiliates/signup.php#SignupForm,Templates,50.00%,Yes
Kittl AI ,https://www.kittl.com/affiliates,AI Image Generator,30.00%,Yes
Systeme.io,https://systeme.io/affiliate-program,"Funnels, Websites, Emails (Business Systems)",50%%,Yes
Impact Radius,https://get.impact.com/,Multiple affiliates,Variable,Yes
Book Bolt,https://bookbolt.io/affiliate/,Amazon KDP/SEO,25.00%,Yes
SEM Rush,https://www.semrush.com/kb/97-affiliate-program,SEO,40.00%,Yes
Klaviyo,https://www.klaviyo.com/partners/partner-influencer-form,Email Marketing,20.00%,No
Warrior Plus,https://warriorplus.com/user/new,Multiple affiliates,Variable,Yes
Jvzoo.com,https://www.jvzoo.com/auth/register,Multiple affiliates,$45-$497,No
Hostinger,https://hostinger.com/realmoneystrategies,Web Hosting,60.00%,Yes
Shopify,https://www.shopify.com/free-trial?ref=buildapreneur&signup_code=%7Bsignup_code%7D&ssid=102feb74c3ed3292faec22512e156a,eCommerce,20.00%,Yes
snip.ly,https://sniply.io/affiliate-marketers-influencers/,Social Conversion,25.00%,Yes
Fiverr,https://affiliates.fiverr.com/,Freelance Marketplace,$15-150 CPA,No
Convert Kit,https://convertkit.com/affiliate,Email Marketing,30.00%,Yes
ClickFunnels,https://www.clickfunnels.com/affiliate-program,Sales Funnels,40% + car after 100,Yes